index,x,y
19.809781,82,374
19.839064,73,123
19.868858,40,90
19.899929,12,72
19.932534,0,56
19.96739,0,46
19.998453,0,43
20.029893,0,42
20.063123,0,43
20.094474,0,45
20.127871,1,44
20.161547,2,44
20.200771,6,45
20.228921,10,46
20.261041,18,47
20.29644,26,48
20.327765,34,49
20.366698,43,50
20.400899,116,53
20.435436,239,57
20.469521,347,59
20.498729,404,60
20.537577,460,62
20.569389,486,62
20.599482,499,62
20.630107,512,62
20.665459,591,63
20.693947,681,63
20.729787,769,62
20.76219,818,61
20.794254,846,60
20.827352,864,59
20.860071,903,55
20.892654,1498,28
20.924697,1554,26
20.957253,1584,26
20.993881,1597,28
21.026977,1602,32
21.061882,1610,35
21.094786,1612,37
21.129909,1612,39
21.165916,1615,43
21.197218,1630,44
21.23104,1645,47
21.265404,1659,50
21.295541,1670,52
21.330408,1681,55
21.363619,1691,56
21.396295,1699,57
21.433427,1702,57
21.466924,1168,85
21.497077,425,96
21.530685,296,98
21.565765,230,100
21.600122,188,104
21.634266,164,106
21.664361,153,108
21.697545,145,109
21.731292,142,110
21.766502,142,111
21.799354,141,112
21.831253,141,112
21.863204,140,112
21.899365,146,112
21.934127,673,120
21.967133,709,120
21.99749,737,120
22.034808,763,122
22.065946,775,122
22.097238,783,122
22.132005,790,122
22.164866,797,122
22.201342,1043,116
22.233334,1357,104
22.266598,1379,103
22.298153,1393,103
22.331532,1400,105
22.361978,1407,106
22.394165,1420,106
22.429397,1427,106
22.461582,1433,107
22.496322,1439,107
22.531509,1506,109
22.563968,1567,113
22.597829,1612,117
22.635885,1643,126
22.666772,1660,130
22.697548,1674,135
22.73181,1686,139
22.764339,1695,143
22.795559,1702,146
22.8278,1706,148
22.862391,1712,151
22.895709,1704,158
22.930972,1712,162
22.965677,1718,166
22.998128,1724,170
23.032521,1725,170
23.065713,1036,203
23.097224,330,212
23.131666,262,214
23.165834,218,217
23.199518,210,221
23.233788,200,225
23.263491,191,227
23.298694,148,229
23.331432,127,231
23.366163,115,232
23.400113,106,233
23.433756,95,232
23.46603,88,232
23.498915,84,232
23.529983,81,232
23.563864,78,232
23.596577,75,232
23.630878,73,232
23.663106,73,233
23.697025,74,233
23.729695,74,234
23.76241,78,235
23.793813,135,237
23.828694,208,239
23.86066,268,241
23.899695,315,242
23.934547,343,243
23.967613,364,242
23.999238,376,242
24.030471,387,242
24.066921,470,243
24.099392,547,243
24.131949,601,243
24.16746,639,243
24.200146,663,243
24.233768,682,243
24.265957,713,242
24.297862,1016,234
24.330177,1063,232
24.363899,1093,230
24.398162,1111,228
24.431281,1126,226
24.462082,1135,224
24.49793,1143,224
24.530732,1180,222
24.562942,1283,217
24.599902,1387,210
24.634623,1455,206
24.66601,1494,202
24.702078,1528,198
24.732417,1556,195
24.767546,1605,190
24.800167,1641,188
24.829334,1655,188
24.864722,1665,188
24.895465,1677,188
24.930555,1687,188
24.961544,1694,188
24.999445,1701,188
25.029528,1704,189
25.06144,1706,190
25.093571,1706,192
25.12758,1705,193
25.163532,1706,194
25.199391,1212,222
25.233969,466,238
25.264617,345,244
25.29582,274,250
25.329438,222,255
25.365929,195,260
25.398399,180,264
25.432553,172,266
25.465478,167,268
25.496789,166,271
25.53056,162,274
25.564629,156,277
25.596113,155,279
25.633449,155,280
25.663227,156,282
25.696073,155,284
25.734134,155,287
25.762764,188,289
25.800709,263,292
25.827781,309,293
25.861329,363,294
25.895197,405,295
25.926434,431,296
25.96021,510,297
25.994869,618,296
26.02711,674,296
26.060632,711,295
26.095728,733,294
26.132902,750,294
26.163183,757,294
26.196915,763,294
26.23108,767,295
26.267169,996,291
26.298103,1028,291
26.330834,1054,291
26.367095,1072,291
26.399533,1088,291
26.431829,1100,292
26.464534,1108,292
26.500185,1113,291
26.532441,1117,291
26.563483,1118,291
26.600673,1134,289
26.631042,1577,271
26.664642,1577,273
26.700039,1574,275
26.734226,1574,276
26.767485,1574,279
26.799777,1575,280
26.832055,1576,281
26.863737,1585,281
26.898219,1605,279
26.929889,1620,279
26.965656,1635,281
26.996844,1645,282
27.030126,1654,282
27.062595,1660,282
27.097881,1667,282
27.12973,1673,281
27.161684,1678,281
27.198304,1673,282
27.23167,950,311
27.266816,293,319
27.297473,216,322
27.33187,168,328
27.366026,140,329
27.399855,123,332
27.434573,112,334
27.463586,107,336
27.499737,98,338
27.531813,94,340
27.561975,90,342
27.59658,87,343
27.629339,85,344
27.662496,84,344
27.696937,86,345
27.732516,129,346
27.764601,194,348
27.79956,257,348
27.830592,300,349
27.866622,342,349
27.897203,367,348
27.931231,422,348
27.962955,870,343
27.996527,870,343
28.03143,871,343
28.067064,873,343
28.098578,877,344
28.131323,881,344
28.162688,882,343
28.200502,932,343
28.228184,966,342
28.260597,1007,340
28.294339,1043,339
28.332424,1075,336
28.363168,1095,335
28.394423,1165,332
28.427892,1296,328
28.462095,1375,325
28.4968,1423,325
28.529107,1441,327
28.565226,1458,328
28.596683,1467,330
28.632263,1474,332
28.664749,1477,333
28.698127,1524,337
28.73296,1562,341
28.768336,1594,343
28.799923,1619,344
28.831786,1635,345
28.867336,1648,346
28.898543,1658,347
28.932067,1665,347
28.96345,1671,347
28.993832,1682,346
29.028269,1690,345
29.06367,1699,344
29.095912,1696,344
29.130791,1217,365
29.165216,574,381
29.202068,445,390
29.233253,368,396
29.264572,314,400
29.299246,277,403
29.330614,253,405
29.36688,240,407
29.397816,227,408
29.430127,215,410
29.464688,205,411
29.497899,198,413
29.529298,194,414
29.561523,190,416
29.597239,186,417
29.630742,191,426
29.667452,197,428
29.698779,232,431
29.730228,278,433
29.764714,333,435
29.79621,369,436
29.833582,405,438
29.86565,427,439
29.898379,444,440
29.92961,454,440
29.963113,503,440
29.995643,611,438
30.03071,692,436
30.061654,740,435
30.094565,772,434
30.130877,793,434
30.163828,810,434
30.198477,832,434
30.229427,1094,427
30.261918,1352,419
30.296653,1359,417
30.330632,1363,417
30.362926,1366,416
30.397531,1366,417
30.430066,1403,415
30.464929,1516,412
30.495468,1585,412
30.528798,1652,412
30.561307,1688,413
30.6004,1712,416
30.632797,1723,419
30.664569,1733,421
30.699633,1740,424
30.730251,1746,426
30.762926,1746,429
30.799953,1751,432
30.831979,1753,435
30.866773,1754,437
30.896433,1753,437
30.933506,1754,439
30.967595,1755,439
31.000489,1752,439
31.030784,969,468
31.062422,414,480
31.095884,345,486
31.130697,305,495
31.16673,275,506
31.198201,260,515
31.23588,253,521
31.263641,218,526
31.298608,187,528
31.329831,164,531
31.363458,145,533
31.397121,131,534
31.433843,123,537
31.464263,117,537
31.500086,112,539
31.530519,109,540
31.566143,105,540
31.598826,101,541
31.631789,109,540
31.667986,354,539
31.701958,394,538
31.734391,421,537
31.766925,447,536
31.801778,468,536
31.83087,478,535
31.861192,511,534
31.896427,596,533
31.932105,658,531
31.961283,694,530
31.998441,724,530
32.033009,741,530
32.065583,758,531
32.097786,767,532
32.135242,776,533
32.165983,791,533
32.201653,833,532
32.233667,865,531
32.266215,892,530
32.299376,916,529
32.329535,934,528
32.361998,947,527
32.395137,959,525
32.430217,1025,524
32.464216,1139,521
32.499315,1223,520
32.533794,1276,519
32.564888,1304,520
32.597537,1327,522
32.63322,1358,522
32.666407,1432,521
32.698965,1481,519
32.732603,1513,519
32.765939,1538,519
32.801322,1558,520
32.830739,1567,522
32.8651,1574,526
32.901013,1579,529
32.933049,1586,532
32.9701,1585,535
32.995995,1001,554
33.029989,383,573
33.063023,329,586
33.097215,277,600
33.129882,250,610
33.162668,232,617
33.200146,214,625
33.233223,207,630
33.263897,204,633
33.294732,200,634
33.328677,198,636
33.360103,197,637
33.396668,196,637
33.428748,195,636
33.463739,195,636
33.498686,203,636
33.531037,272,635
33.564001,359,633
33.599261,425,632
33.632968,472,631
33.665127,512,631
33.699308,540,630
33.73007,644,628
33.764117,779,625
33.796817,855,623
33.830652,898,621
33.864067,930,621
33.894263,946,620
33.930675,957,620
33.965923,1013,618
33.996933,1103,614
34.033468,1184,612
34.068353,1229,611
34.097497,1249,611
34.134348,1267,611
34.168016,1294,611
34.200761,1380,610
34.23399,1453,609
34.266524,1502,609
34.296217,1541,610
34.330736,1573,612
34.363829,1596,611
34.394679,1604,612
34.430104,1604,613
34.462207,1611,614
34.496773,1613,616
34.530347,1604,616
34.564098,627,646
34.598727,316,662
34.630345,270,677
34.662663,238,691
34.699797,212,702
34.73457,192,710
34.768509,182,715
34.798989,173,718
34.836329,164,720
34.867102,163,726
34.897512,161,733
34.933401,163,741
34.966275,162,749
34.997395,163,756
35.0295,175,759
35.064846,637,752
35.096733,637,753
35.131791,635,755
35.164826,635,755
35.198104,634,756
35.230007,634,757
35.265613,640,760
35.298259,700,759
35.334723,764,757
35.367702,805,755
35.40049,840,754
35.431955,871,753
35.465176,894,751
35.499991,947,748
35.52997,1038,746
35.563321,1121,745
35.595117,1170,744
35.631746,1203,743
35.662421,1217,744
35.696828,1502,739
35.72677,1585,739
35.764344,1598,737
35.79556,1605,737
35.829866,1608,737
35.863936,1650,738
35.900335,1674,742
35.929595,1686,744
35.964727,1700,746
35.996831,1712,748
36.035476,1722,750
36.064205,1726,750
36.100973,1727,750
36.131723,1727,750
36.163886,1728,751
36.198496,1702,751
36.232116,763,773
36.263432,252,788
36.298602,241,793
36.328043,239,794
36.363841,225,798
36.395308,216,810
36.430886,211,823
36.468511,203,830
36.50061,198,834
36.533379,193,838
36.568319,191,844
36.600547,188,849
36.634089,187,855
36.66376,186,857
36.698651,184,860
36.732607,178,861
36.76261,178,861
36.799009,178,860
36.830454,218,860
36.865553,575,851
36.899532,612,851
36.930217,637,852
36.963033,652,851
36.997813,665,851
37.028538,671,850
37.064279,677,849
37.09598,684,849
37.130615,764,848
37.161678,1028,841
37.19793,1082,841
37.229268,1109,840
37.261087,1128,840
37.297095,1139,839
37.329808,1188,839
37.362088,1313,839
37.396345,1409,842
37.428493,1460,844
37.460934,1473,846
37.494669,1481,848
37.530409,1504,851
37.563589,1522,852
37.599186,1529,853
37.634821,1538,854
37.663551,1540,856
37.696245,1536,857
37.728719,1537,858
37.762615,1541,860
37.795628,1541,859
37.831089,1540,858
37.861319,1508,855
37.896374,439,881
37.926854,367,884
37.962777,292,887
37.999101,254,887
38.031153,234,887
38.067135,214,888
38.100573,203,888
38.130479,197,888
38.164417,196,888
38.198955,195,888
38.232188,192,889
38.268766,186,889
38.299295,184,889
38.331168,182,889
38.36779,179,890
38.39686,175,890
38.431061,172,892
38.465441,178,897
38.498427,207,906
38.532438,250,911
38.567532,293,916
38.598455,323,919
38.63415,356,919
38.665871,377,921
38.698019,457,922
38.731116,752,912
38.761076,793,913
38.796412,827,913
38.82989,851,913
38.862397,864,913
38.900108,883,913
38.931263,922,913
38.961053,952,914
38.994952,978,916
39.029387,995,919
39.061681,1009,921
39.095615,1021,921
39.135108,1024,921
