timestamp,x,y,jump,saccade
1771004999.043374,549,119,0,0
1771004999.055387,839,119,0,0
1771004999.065163,737,119,0,0
1771004999.076727,754,119,0,0
1771004999.085926,563,119,0,0
1771004999.097062,466,119,0,0
1771004999.106541,572,119,0,0
1771004999.117472,544,119,0,0
1771004999.126619,427,119,0,0
1771004999.137646,536,119,0,0
1771004999.147136,471,119,0,0
1771004999.158654,487,119,0,0
1771004999.168101,461,119,0,0
1771004999.178908,434,119,0,0
1771004999.188273,579,119,0,0
1771004999.19868,595,119,0,0
1771004999.207845,620,119,0,0
1771004999.219056,621,119,0,0
1771004999.228634,582,119,0,0
1771004999.239656,621,119,0,0
1771004999.249714,688,119,0,0
1771004999.261079,746,119,0,0
1771004999.270784,819,119,0,0
1771004999.281615,958,119,0,0
1771004999.291424,848,119,0,0
1771004999.302097,740,119,0,0
1771004999.311011,748,119,0,0
1771004999.32273,793,119,0,0
1771004999.331952,780,119,0,0
1771004999.342896,886,119,0,0
1771004999.351818,896,119,0,0
1771004999.363122,913,119,0,0
1771004999.371688,949,119,0,0
1771004999.382093,984,119,0,0
1771004999.39224,993,119,0,0
1771004999.402914,839,119,0,0
1771004999.41201,897,119,0,0
1771004999.422283,984,119,0,0
1771004999.432307,1109,119,0,0
1771004999.443431,1128,119,0,0
1771004999.4531,1222,119,0,0
1771004999.463753,1103,119,0,0
1771004999.473074,971,119,0,0
1771004999.483834,1077,119,0,0
1771004999.49348,1009,119,0,0
1771004999.50517,1007,119,0,0
1771004999.514456,991,119,0,0
1771004999.525853,1005,119,0,0
1771004999.535882,1019,119,0,1
1771004999.547988,1063,119,0,1
1771004999.559023,1083,119,0,1
1771004999.570518,1364,119,0,1
1771004999.63202,1404,119,0,0
1771004999.641273,1399,119,0,0
1771004999.652908,1286,119,0,0
1771004999.694455,1523,119,0,0
1771004999.704085,1326,119,0,0
1771004999.715487,1410,119,0,0
1771004999.725566,1443,119,0,0
1771004999.735972,1492,119,0,0
1771004999.745499,1452,119,0,0
1771004999.756808,1433,119,0,0
1771004999.766163,1441,119,0,0
1771004999.777065,1484,119,0,0
1771004999.787158,1534,119,0,0
1771004999.79858,1488,119,0,0
1771004999.808568,1424,119,0,0
1771004999.81941,1446,119,0,0
1771004999.828999,1477,119,0,0
1771004999.840216,1473,119,0,0
1771004999.849663,1465,119,0,0
1771004999.861256,1489,119,0,0
1771004999.870611,1541,119,0,0
1771004999.881504,1523,119,0,0
1771004999.891506,1505,119,0,0
1771004999.903176,1468,119,0,0
1771004999.912407,1413,119,0,0
1771004999.923851,1370,119,0,0
1771004999.933144,1330,119,0,0
1771004999.944164,1356,119,0,0
1771004999.953274,1412,119,0,0
1771004999.963996,1419,119,0,0
1771004999.973968,1448,119,0,0
1771005000.122564,754,276,0,0
1771005000.134279,591,276,0,0
1771005000.144408,538,276,0,0
1771005000.155896,682,276,0,0
1771005000.165329,725,276,0,0
1771005000.176615,690,276,0,0
1771005000.186503,711,276,0,0
1771005000.197485,674,276,0,0
1771005000.206487,627,276,0,0
1771005000.218633,654,276,0,0
1771005000.227961,634,276,0,0
1771005000.239585,604,276,0,0
1771005000.248977,656,276,0,0
1771005000.261204,629,276,0,0
1771005000.270979,611,276,0,0
1771005000.281463,788,276,0,0
1771005000.291134,862,276,0,0
1771005000.302219,864,276,0,0
1771005000.311784,806,276,0,0
1771005000.322947,897,276,0,0
1771005000.332418,874,276,0,0
1771005000.344101,860,276,0,0
1771005000.353064,872,276,0,0
1771005000.365118,957,276,0,0
1771005000.374045,1040,276,0,0
1771005000.385167,929,276,0,0
1771005000.394817,934,276,0,0
1771005000.406386,924,276,0,0
1771005000.415248,888,276,0,0
1771005000.426741,802,276,0,0
1771005000.43604,927,276,0,0
1771005000.447343,1057,276,0,0
1771005000.457579,1061,276,0,0
1771005000.469204,1039,276,0,0
1771005000.479092,1057,276,0,0
1771005000.490658,1172,276,0,0
1771005000.500255,1096,276,0,0
1771005000.511567,1164,276,0,0
1771005000.520593,1120,276,0,0
1771005000.532112,1204,276,0,0
1771005000.542223,1113,276,0,0
1771005000.554098,1191,276,0,0
1771005000.564208,1161,276,0,0
1771005000.575568,1117,276,0,0
1771005000.58524,1169,276,0,0
1771005000.59717,1193,276,0,0
1771005000.606704,1322,276,0,0
1771005000.617758,1276,276,0,0
1771005000.627867,1253,276,0,0
1771005000.638947,1292,276,0,0
1771005000.649084,1351,276,0,0
1771005000.660798,1352,276,0,0
1771005000.670537,1305,276,0,0
1771005000.681947,1315,276,0,0
1771005000.691583,1389,276,0,0
1771005000.70304,1773,276,0,0
1771005000.76712,1381,276,0,0
1771005000.777453,1299,276,0,0
1771005000.788803,1318,276,0,0
1771005000.798411,1325,276,0,0
1771005000.810256,1330,276,0,0
1771005000.819602,1344,276,0,0
1771005000.831815,1381,276,0,0
1771005000.893254,1385,276,0,0
1771005000.903171,1623,276,0,0
1771005000.914819,1561,276,0,0
1771005000.924471,1614,276,0,0
1771005000.936085,1518,276,0,0
1771005000.945835,1515,276,0,0
1771005000.956628,1537,276,0,0
1771005000.965992,1516,276,0,0
1771005000.977089,1571,276,0,0
1771005000.986851,1655,276,0,0
1771005000.998754,1628,276,0,0
1771005001.008192,1682,276,0,0
1771005001.018668,1768,276,0,0
1771005001.028711,1769,276,0,0
1771005001.03996,1763,276,0,0
1771005001.04954,1711,276,0,0
1771005001.060581,1667,276,0,0
1771005001.07064,1615,276,0,0
1771005001.081381,1592,276,0,0
1771005001.090821,1510,276,0,0
1771005001.169468,1528,276,0,0
1771005001.178367,1514,276,0,0
1771005001.189565,1669,276,0,0
1771005001.19939,1582,276,0,0
1771005001.210736,1583,276,0,0
1771005001.302422,331,434,0,0
1771005001.313905,454,434,0,0
1771005001.323318,423,434,0,0
1771005001.334309,319,434,0,0
1771005001.344781,276,434,0,0
1771005001.355964,185,434,0,0
1771005001.365704,280,434,0,0
1771005001.377597,213,434,0,0
1771005001.387282,279,434,0,0
1771005001.398793,330,434,0,0
1771005001.408548,300,434,0,0
1771005001.420255,307,434,0,0
1771005001.429533,354,434,0,0
1771005001.441267,324,434,0,0
1771005001.450629,457,434,0,0
1771005001.463201,518,434,0,0
1771005001.472851,629,434,0,0
1771005001.483512,429,434,0,0
1771005001.493328,568,434,0,0
1771005001.504067,706,434,0,0
1771005001.513197,638,434,0,0
1771005001.523979,504,434,0,0
1771005001.533511,576,434,0,0
1771005001.544614,575,434,0,0
1771005001.55394,621,434,0,0
1771005001.565977,596,434,0,0
1771005001.5748,634,434,0,0
1771005001.585959,613,434,0,0
1771005001.595166,647,434,0,0
1771005001.607464,653,434,0,0
1771005001.617019,564,434,0,0
1771005001.628819,589,434,0,0
1771005001.63841,619,434,0,0
1771005001.650238,633,434,0,0
1771005001.659579,586,434,0,0
1771005001.670766,609,434,0,0
1771005001.680646,664,434,0,0
1771005001.691709,664,434,0,0
1771005001.70104,693,434,0,0
1771005001.712578,692,434,0,0
1771005001.721854,673,434,0,0
1771005001.732575,692,434,0,0
1771005001.741601,702,434,0,0
1771005001.753335,684,434,0,0
1771005001.762655,686,434,0,0
1771005001.773749,677,434,0,0
1771005001.783434,830,434,0,0
1771005001.794773,810,434,0,0
1771005001.803825,812,434,0,0
1771005001.81508,858,434,0,0
1771005001.825172,898,434,0,0
1771005001.836677,895,434,0,0
1771005001.846265,943,434,0,0
1771005001.857202,970,434,0,0
1771005001.866274,1101,434,0,0
1771005001.927627,1385,434,0,0
1771005001.938867,1350,434,0,0
1771005001.948636,1366,434,0,0
1771005001.961552,1360,434,0,0
1771005001.971064,1426,434,0,0
1771005001.982564,1461,434,0,0
1771005001.992534,1467,434,0,0
1771005002.004071,1467,434,0,0
1771005002.013789,1524,434,0,0
1771005002.024752,1579,434,0,0
1771005002.034394,1782,434,0,0
1771005002.045622,1628,434,0,0
1771005002.055243,1668,434,0,0
1771005002.066271,1727,434,0,0
1771005002.075677,1603,434,0,0
1771005002.086706,1595,434,0,0
1771005002.095782,1600,434,0,0
1771005002.106988,1630,434,0,0
1771005002.11664,1631,434,0,0
1771005002.128323,1663,434,0,0
1771005002.137574,1616,434,0,0
1771005002.149138,1631,434,0,0
1771005002.158329,1660,434,0,0
1771005002.169748,1613,434,0,0
1771005002.178826,1640,434,0,0
1771005002.190747,1602,434,0,0
1771005002.200059,1548,434,0,0
1771005002.211162,1546,434,0,0
1771005002.289432,1548,434,0,0
1771005002.301087,1657,434,0,0
1771005002.310083,1611,434,0,0
1771005002.320779,1555,434,0,0
1771005002.404253,456,594,0,0
1771005002.414026,460,594,0,0
1771005002.424559,444,594,0,0
1771005002.434448,425,594,0,0
1771005002.44658,459,594,0,0
1771005002.4558,403,594,0,0
1771005002.466438,429,594,0,0
1771005002.476301,523,594,0,0
1771005002.487554,473,594,0,0
1771005002.496837,475,594,0,0
1771005002.508048,522,594,0,0
1771005002.517232,513,594,0,0
1771005002.528235,520,594,0,0
1771005002.538206,488,594,0,0
1771005002.550474,482,594,0,0
1771005002.559989,535,594,0,0
1771005002.571389,593,594,0,0
1771005002.581398,550,594,0,0
1771005002.592972,638,594,0,0
1771005002.601908,571,594,0,0
1771005002.612974,603,594,0,0
1771005002.623128,607,594,0,0
1771005002.634258,518,594,0,0
1771005002.643694,493,594,0,0
1771005002.655365,454,594,0,0
1771005002.664142,532,594,0,0
1771005002.675267,540,594,0,0
1771005002.685779,561,594,0,0
1771005002.69682,589,594,0,0
1771005002.706373,625,594,0,0
1771005002.717596,636,594,0,0
1771005002.727338,683,594,0,0
1771005002.73898,669,594,0,0
1771005002.748703,772,594,0,0
1771005002.760758,743,594,0,0
1771005002.76971,710,594,0,0
1771005002.780652,635,594,0,0
1771005002.789586,673,594,0,0
1771005002.801266,690,594,0,0
1771005002.810066,732,594,0,0
1771005002.821245,624,594,0,0
1771005002.83088,725,594,0,0
1771005002.842752,667,594,0,0
1771005002.853781,739,594,0,0
1771005002.864955,993,594,0,0
1771005002.87484,939,594,0,0
1771005002.88633,943,594,0,0
1771005002.895947,947,594,0,0
1771005002.907126,969,594,0,0
1771005002.916314,1003,594,0,0
1771005002.927487,975,594,0,0
1771005002.937223,1009,594,0,0
1771005002.948969,970,594,0,0
1771005002.958215,940,594,0,0
1771005002.969191,997,594,0,0
1771005002.978997,970,594,0,0
1771005002.98985,956,594,0,0
1771005003.000003,980,594,0,0
1771005003.010572,921,594,0,0
1771005003.020756,989,594,0,0
1771005003.031917,1006,594,0,0
1771005003.041414,1025,594,0,0
1771005003.052813,1092,594,0,0
1771005003.062814,1127,594,0,0
1771005003.073639,1092,594,0,0
1771005003.083034,1123,594,0,0
1771005003.094926,1139,594,0,0
1771005003.10445,1173,594,0,0
1771005003.115535,1181,594,0,0
1771005003.125349,1113,594,0,0
1771005003.136783,1127,594,0,0
1771005003.147032,1145,594,0,0
1771005003.158261,1181,594,0,0
1771005003.16814,1190,594,0,0
1771005003.178811,1207,594,0,0
1771005003.188615,1356,594,0,0
1771005003.199822,1356,594,0,0
1771005003.208833,1384,594,0,0
1771005003.219963,1414,594,0,0
1771005003.229579,1393,594,0,0
1771005003.241356,1389,594,0,0
1771005003.250358,1327,594,0,0
1771005003.261695,1369,594,0,0
1771005003.271226,1381,594,0,0
1771005003.282759,1270,594,0,0
1771005003.292173,1243,594,0,0
1771005003.304361,1200,594,0,0
1771005003.31396,1222,594,0,0
1771005003.325448,1236,594,0,0
1771005003.334773,1259,594,0,0
1771005003.415153,1314,594,0,0
1771005003.425067,1405,594,0,0
1771005003.437166,1468,594,0,0
1771005003.44656,1481,594,0,0
1771005003.458609,1530,594,0,0
1771005003.46802,1566,594,0,0
1771005003.478412,1598,594,0,0
1771005003.488388,1473,594,0,0
1771005003.499321,1538,594,0,0
1771005003.509274,1508,594,0,0
1771005003.520154,1523,594,0,0
1771005003.530611,1494,594,0,0
1771005003.542109,1530,594,0,0
1771005003.55176,1535,594,0,0
1771005003.562818,1553,594,0,0
1771005003.644864,237,756,0,0
1771005003.654006,51,756,0,0
1771005003.665278,71,756,0,0
1771005003.675701,110,756,0,0
1771005003.686697,59,756,0,0
1771005003.696371,97,756,0,0
1771005003.707834,157,756,0,0
1771005003.717567,185,756,0,0
1771005003.728293,130,756,0,0
1771005003.737928,267,756,0,0
1771005003.749745,465,756,0,0
1771005003.75911,487,756,0,0
1771005003.769994,378,756,0,0
1771005003.780187,409,756,0,0
1771005003.791285,431,756,0,0
1771005003.801121,409,756,0,0
1771005003.81191,541,756,0,0
1771005003.821821,557,756,0,0
1771005003.832695,553,756,0,0
1771005003.842134,542,756,0,0
1771005003.853602,536,756,0,0
1771005003.862896,653,756,0,0
1771005003.895348,866,756,0,0
1771005003.90524,938,756,0,0
1771005003.916463,917,756,0,0
1771005003.926382,868,756,0,0
1771005003.937666,1002,756,0,0
1771005003.946841,985,756,0,0
1771005003.958933,952,756,0,0
1771005003.968612,1016,756,0,0
1771005003.97939,946,756,0,0
1771005003.989549,816,756,0,0
1771005004.002027,873,756,0,0
1771005004.011029,922,756,0,0
1771005004.022953,815,756,0,0
1771005004.033148,820,756,0,0
1771005004.044838,946,756,0,0
1771005004.054167,996,756,0,0
1771005004.06537,1037,756,0,0
1771005004.075444,1026,756,0,0
1771005004.08719,996,756,0,0
1771005004.096968,1061,756,0,0
1771005004.109189,1045,756,0,0
1771005004.230826,1130,756,0,0
1771005004.2402,1222,756,0,0
1771005004.251918,1123,756,0,0
1771005004.261267,1176,756,0,0
1771005004.272238,1214,756,0,0
1771005004.28165,1165,756,0,0
1771005004.293066,1240,756,0,0
1771005004.303279,1262,756,0,0
1771005004.31435,1193,756,0,0
1771005004.32467,1211,756,0,0
1771005004.336963,1285,756,0,0
1771005004.346281,1319,756,0,0
1771005004.357667,1367,756,0,0
1771005004.367362,1365,756,0,0
1771005004.378323,1360,756,0,0
1771005004.387446,1387,756,0,0
1771005004.399109,1530,756,0,0
1771005004.409117,1437,756,0,0
1771005004.42005,1483,756,0,0
1771005004.429148,1385,756,0,0
1771005004.44031,1354,756,0,0
1771005004.44966,1409,756,0,0
1771005004.461045,1398,756,0,0
1771005004.471178,1415,756,0,0
1771005004.551326,1434,756,0,0
1771005004.560769,1440,756,0,0
1771005004.572145,1435,756,0,0
1771005004.583361,1456,756,0,0
1771005004.604712,1431,756,0,0
1771005004.615871,1449,756,0,0
1771005004.628613,1482,756,0,0
1771005004.742006,532,909,0,0
1771005004.752653,429,909,0,0
1771005004.765714,385,909,0,0
1771005004.777122,382,909,0,0
1771005004.791393,347,909,0,0
1771005004.806727,396,909,0,0
1771005004.82327,317,909,0,0
1771005004.835298,360,909,0,0
1771005004.849122,356,909,0,0
1771005004.860613,391,909,0,0
1771005004.87277,442,909,0,0
1771005004.882706,555,909,0,0
1771005004.894331,540,909,0,0
1771005004.904239,628,909,0,0
1771005004.914892,575,909,0,0
1771005004.924144,586,909,0,0
1771005004.934906,574,909,0,0
1771005004.945291,682,909,0,0
1771005004.956844,688,909,0,0
1771005004.966975,666,909,0,0
1771005004.978813,659,909,0,0
1771005004.988046,703,909,0,0
1771005004.998454,658,909,0,0
1771005005.007835,736,909,0,0
1771005005.019184,750,909,0,0
1771005005.028825,723,909,0,0
1771005005.04084,781,909,0,0
1771005005.050591,723,909,0,0
1771005005.062097,838,909,0,0
1771005005.071514,844,909,0,0
1771005005.082296,851,909,0,0
1771005005.092937,757,909,0,0
1771005005.103945,800,909,0,0
1771005005.113637,758,909,0,0
1771005005.125491,814,909,0,0
1771005005.135538,844,909,0,0
1771005005.146531,800,909,0,0
1771005005.156469,776,909,0,0
1771005005.168251,702,909,0,0
1771005005.17756,714,909,0,0
1771005005.188979,759,909,0,0
1771005005.199193,745,909,0,0
1771005005.210081,766,909,0,0
1771005005.219917,795,909,0,0
1771005005.230891,825,909,0,0
1771005005.24117,814,909,0,0
1771005005.253237,877,909,0,0
1771005005.263256,896,909,0,0
1771005005.275319,965,909,0,0
1771005005.28479,872,909,0,0
1771005005.296352,814,909,0,0
1771005005.305761,777,909,0,0
1771005005.318292,786,909,0,0
1771005005.328106,834,909,0,0
1771005005.339351,917,909,0,0
1771005005.349469,982,909,0,0
1771005005.36089,926,909,0,0
1771005005.370902,964,909,0,0
1771005005.382427,1039,909,0,0
1771005005.392209,1065,909,0,0
1771005005.40362,983,909,0,0
1771005005.413058,994,909,0,0
1771005005.42504,1158,909,0,0
1771005005.434638,1161,909,0,0
1771005005.44526,1086,909,0,0
1771005005.456079,1177,909,0,0
1771005005.46851,1088,909,0,0
1771005005.487099,1076,909,0,0
1771005005.504653,1185,909,0,0
1771005005.522239,1191,909,0,0
1771005005.536182,1146,909,0,0
1771005005.550711,994,909,0,0
1771005005.563688,928,909,0,0
1771005005.583318,795,909,0,0
1771005005.604789,836,909,0,0
1771005005.624275,785,909,0,0
1771005005.640345,857,909,0,0
1771005005.650815,871,909,0,0
1771005005.662703,1073,909,0,0
1771005005.672624,1164,909,0,0
1771005005.684292,1393,909,0,0
1771005005.694113,1382,909,0,0
1771005005.80224,1280,909,0,0
1771005005.818471,1323,909,0,0
1771005005.858038,1602,909,0,0
1771005005.87082,1733,909,0,0
1771005005.883924,1602,909,0,0
1771005005.894533,1691,909,0,0
1771005005.908429,1642,909,0,0
1771005005.919349,1733,909,0,0
1771005005.930892,1604,909,0,0
1771005005.941936,1731,909,0,0
1771005005.952993,1538,909,0,0
1771005005.963477,1700,909,0,0
1771005005.975388,1651,909,0,0
1771005005.98614,1778,909,0,0
1771005005.997397,1849,909,0,0
1771005006.006932,1767,909,0,0
1771005006.018535,1703,909,0,0
1771005006.028064,1656,909,0,0
1771005006.040139,1573,909,0,0
1771005006.050166,1467,909,0,0
1771005006.062056,1605,909,0,0
1771005006.071898,1776,909,0,0
1771005006.083653,1822,909,0,0
1771005006.093855,1875,909,0,0
1771005006.105101,1678,909,0,0
1771005006.114918,1718,909,0,0
1771005006.126647,1652,909,0,0
1771005006.136804,1484,909,0,0
1771005006.148928,1191,909,0,0
1771005006.158308,1277,909,0,0
1771005006.169587,1188,909,0,0
1771005006.179735,1218,909,0,0
1771005006.190459,1373,909,0,0
1771005006.201502,1212,909,0,0
1771005006.21264,1219,909,0,0
1771005006.223128,1080,909,0,0
1771005006.234444,987,909,0,0
1771005006.244481,1017,909,0,0
1771005006.255557,1022,909,0,0
1771005006.265505,1052,909,0,0
1771005006.277038,1158,909,0,0
1771005006.287246,1146,909,0,0
1771005006.298177,1130,909,0,0
1771005006.307456,1154,909,0,0
1771005006.31917,1159,909,0,0
1771005006.32848,1266,909,0,0
1771005006.339546,1218,909,0,0
1771005006.349054,1192,909,0,0
1771005006.361103,1192,909,0,0
1771005006.370759,1271,909,0,0
1771005006.382277,1305,909,0,0
